Day,Acrodictys,Agrocybe,Algae,Alternaria,Arthimium,Ascomycetes,Asperisporium,Basidiomycetes,Beltrania,Botrytis,Cercospora,Cladosporium,Curvularia,D. Conidia/Hyphae,Dendryphiella,Drechslera/Helmintho.,Dichotomophthora,Diplococcum,Epicoccum,Fusariella,Ganoderma,Helicomina,Microsporum,Misc. Fungus (Hyaline),Monodictys,Myxomycete/Smut,Nigrospora,Penicillium/Aspergillus,Periconia,Pithomyces,Powdery Mildew,Puccinia,Rust,Spegazinia,Stemphyllium,Tetrapola,Tilletia,Torula,Pestalotiopsis,Pseudocercospora,Polythrincium,Pleospora
002,NA,0,NA,NA,0,NA,0,NA,0,0,NA,NA,NA,0,0,NA,0,0,NA,NA,0,0,0,0,0,NA,NA,NA,NA,4,NA,0,NA,NA,NA,NA,0,NA,0,0,0,0
003,NA,0,NA,NA,0,NA,0,NA,0,0,NA,NA,NA,0,0,NA,0,0,NA,NA,0,0,0,0,0,NA,NA,NA,NA,4,NA,0,NA,NA,NA,NA,0,NA,0,0,0,0
004,NA,0,NA,NA,0,NA,0,NA,0,0,NA,NA,NA,0,0,NA,0,0,NA,NA,0,0,0,0,0,NA,NA,NA,NA,NA,NA,0,NA,NA,NA,NA,0,NA,0,0,0,0
005,NA,0,NA,NA,0,NA,0,NA,0,0,NA,NA,NA,0,0,NA,0,0,NA,NA,0,0,0,0,0,NA,NA,NA,NA,NA,NA,0,NA,NA,NA,NA,0,NA,0,0,0,0
006,NA,0,NA,NA,0,NA,0,NA,0,0,NA,NA,NA,0,0,1.3,0,0,NA,NA,0,0,0,0,0,NA,NA,NA,NA,NA,NA,0,NA,NA,NA,NA,0,NA,0,0,0,0
007,NA,0,NA,NA,0,NA,0,NA,0,0,NA,NA,NA,0,0,NA,0,0,NA,NA,0,0,0,0,0,NA,NA,NA,NA,NA,NA,0,NA,NA,NA,NA,0,NA,0,0,0,0
008,NA,0,NA,NA,0,NA,0,NA,0,0,NA,NA,NA,0,0,NA,0,0,NA,NA,0,0,0,0,0,NA,NA,NA,NA,NA,NA,0,NA,1.3,NA,NA,0,NA,0,0,0,0
009,NA,0,NA,NA,0,NA,0,NA,0,0,NA,NA,NA,0,0,NA,0,0,NA,NA,0,0,0,0,0,NA,NA,NA,NA,4,NA,0,NA,NA,NA,1.3,0,7.3,0,0,0,0
010,NA,0,NA,NA,0,NA,0,NA,0,0,NA,NA,NA,0,0,NA,0,0,NA,NA,0,0,0,0,0,NA,NA,NA,NA,NA,NA,0,NA,NA,NA,NA,0,NA,0,0,0,0
011,NA,0,NA,NA,0,NA,0,NA,0,0,NA,NA,NA,0,0,NA,0,0,NA,NA,0,0,0,0,0,NA,NA,NA,NA,NA,NA,0,NA,NA,NA,NA,0,NA,0,0,0,0
012,NA,0,NA,NA,0,NA,0,NA,0,0,NA,NA,NA,0,0,NA,0,0,NA,NA,0,0,0,0,0,NA,NA,NA,NA,NA,NA,0,NA,NA,NA,NA,0,NA,0,0,0,0
013,NA,0,NA,NA,0,NA,0,NA,0,0,NA,NA,NA,0,0,NA,0,0,NA,NA,0,0,0,0,0,NA,NA,NA,NA,NA,NA,0,NA,NA,NA,NA,0,NA,0,0,0,0
014,NA,0,NA,NA,0,NA,0,NA,0,0,NA,NA,NA,0,0,NA,0,0,18,NA,0,0,0,0,0,NA,NA,NA,NA,NA,NA,0,NA,NA,NA,NA,0,NA,0,0,0,0
015,NA,0,NA,NA,0,NA,0,NA,0,0,NA,NA,NA,0,0,NA,0,0,NA,NA,0,0,0,0,0,NA,NA,NA,NA,NA,NA,0,NA,NA,NA,NA,0,NA,0,0,0,0
016,NA,0,NA,NA,0,NA,0,NA,0,0,NA,NA,NA,0,0,NA,0,0,NA,NA,0,0,0,0,0,NA,NA,NA,NA,NA,NA,0,NA,NA,NA,NA,0,NA,0,0,0,0
017,NA,0,NA,NA,0,NA,0,NA,0,0,NA,NA,NA,0,0,NA,0,0,NA,NA,0,0,0,0,0,NA,NA,NA,NA,NA,NA,0,NA,NA,NA,NA,0,NA,0,0,0,0
018,NA,0,NA,NA,0,NA,0,NA,0,0,NA,NA,NA,0,0,NA,0,0,NA,NA,0,0,0,0,0,NA,NA,NA,NA,NA,NA,0,NA,NA,NA,NA,0,NA,0,0,0,0
019,NA,0,NA,NA,0,NA,0,NA,0,0,NA,NA,NA,0,0,NA,0,0,NA,NA,0,0,0,0,0,NA,NA,NA,NA,NA,NA,0,NA,NA,NA,NA,0,NA,0,0,0,0
020,NA,0,NA,NA,0,NA,0,NA,0,0,NA,NA,NA,0,0,NA,0,0,NA,NA,0,0,0,0,0,NA,NA,NA,NA,NA,NA,0,NA,NA,NA,NA,0,NA,0,0,0,0
021,NA,0,NA,NA,0,NA,0,NA,0,0,NA,NA,NA,0,0,NA,0,0,NA,NA,0,0,0,0,0,NA,NA,NA,NA,NA,NA,0,NA,NA,NA,NA,0,NA,0,0,0,0
022,NA,0,NA,NA,0,NA,0,NA,0,0,NA,NA,NA,0,0,NA,0,0,NA,NA,0,0,0,0,0,NA,NA,NA,NA,NA,NA,0,NA,NA,NA,NA,0,NA,0,0,0,0
023,NA,0,NA,NA,0,NA,0,NA,0,0,NA,NA,NA,0,0,NA,0,0,NA,NA,0,0,0,0,0,NA,NA,NA,NA,NA,NA,0,NA,NA,NA,NA,0,NA,0,0,0,0
024,NA,0,NA,NA,0,NA,0,NA,0,0,NA,NA,NA,0,0,NA,0,0,NA,NA,0,0,0,0,0,NA,NA,NA,NA,NA,NA,0,NA,NA,NA,NA,0,NA,0,0,0,0
025,NA,0,NA,NA,0,NA,0,NA,0,0,NA,NA,NA,0,0,NA,0,0,NA,NA,0,0,0,0,0,NA,NA,NA,NA,NA,NA,0,NA,NA,NA,NA,0,NA,NA,0,0,0
026,NA,0,NA,NA,0,NA,0,NA,0,0,NA,NA,NA,0,0,NA,0,0,NA,NA,0,0,0,0,0,NA,NA,NA,NA,NA,NA,0,NA,NA,NA,NA,0,NA,0,0,0,0
027,NA,0,NA,NA,0,NA,0,NA,0,0,NA,NA,NA,0,0,NA,0,0,NA,NA,0,0,0,0,0,NA,NA,NA,NA,NA,NA,0,NA,NA,NA,NA,0,NA,0,0,0,0
028,NA,0,NA,NA,0,NA,0,NA,0,0,NA,NA,NA,0,0,NA,0,0,NA,NA,0,0,0,0,0,NA,NA,NA,NA,NA,NA,0,NA,NA,NA,NA,0,NA,0,0,0,0
029,NA,0,NA,NA,0,NA,0,NA,0,0,NA,NA,NA,0,0,NA,0,0,NA,NA,0,0,0,0,0,NA,NA,NA,NA,NA,NA,0,NA,NA,NA,NA,0,NA,0,0,0,0
030,NA,0,NA,NA,0,NA,0,NA,0,0,NA,NA,NA,0,0,NA,0,0,NA,NA,0,0,0,0,0,NA,NA,NA,NA,NA,NA,0,NA,NA,NA,NA,0,NA,0,0,0,0
031,NA,0,NA,NA,0,NA,0,NA,0,0,NA,NA,NA,0,0,NA,0,0,18,NA,0,0,0,0,0,NA,NA,NA,NA,NA,NA,0,NA,NA,NA,NA,0,NA,0,0,0,0
032,NA,0,NA,NA,0,NA,0,NA,0,0,NA,NA,NA,0,0,NA,0,0,NA,NA,0,0,0,0,0,NA,NA,NA,NA,NA,NA,0,NA,NA,NA,NA,0,7.3,0,0,0,0
033,NA,0,NA,NA,0,NA,0,NA,0,0,NA,NA,NA,0,0,NA,0,0,NA,NA,0,0,0,0,0,NA,NA,NA,NA,NA,NA,0,NA,NA,NA,NA,0,NA,0,0,0,0
034,NA,0,NA,NA,0,NA,0,NA,0,0,NA,NA,NA,0,0,NA,0,0,18,NA,0,0,0,0,0,NA,NA,NA,NA,NA,NA,0,NA,NA,NA,NA,0,NA,0,0,0,0
035,NA,0,NA,NA,0,NA,0,NA,0,0,NA,NA,NA,0,0,NA,0,0,NA,NA,0,0,0,0,0,NA,NA,NA,NA,NA,NA,0,NA,NA,NA,NA,0,NA,0,0,0,0
036,NA,0,NA,NA,0,NA,0,NA,0,0,NA,NA,NA,0,0,NA,0,0,NA,NA,0,0,0,0,0,NA,NA,NA,NA,NA,NA,0,NA,NA,NA,NA,0,NA,0,0,0,0
037,NA,0,NA,NA,0,NA,0,NA,0,0,NA,NA,NA,0,0,NA,0,0,NA,NA,0,0,0,0,0,NA,NA,NA,NA,NA,NA,0,NA,NA,NA,NA,0,NA,0,0,0,0
038,NA,0,NA,NA,0,NA,0,NA,0,0,NA,NA,NA,0,0,NA,0,0,NA,NA,0,0,0,0,0,NA,NA,NA,NA,NA,NA,0,NA,NA,NA,NA,0,NA,0,0,0,0
039,NA,0,NA,NA,0,NA,0,NA,0,0,NA,NA,NA,0,0,NA,0,0,NA,NA,0,0,0,0,0,NA,NA,NA,NA,4,NA,0,NA,NA,NA,1.3,0,NA,0,0,0,0
040,NA,0,NA,NA,0,NA,0,NA,0,0,NA,NA,NA,0,0,NA,0,0,NA,NA,0,0,0,0,0,NA,NA,NA,NA,NA,1.3,0,NA,NA,NA,NA,0,NA,0,0,0,0
041,NA,0,NA,NA,0,NA,0,NA,0,0,NA,NA,NA,0,0,NA,0,0,NA,NA,0,0,0,0,0,NA,NA,NA,NA,NA,NA,0,NA,NA,NA,NA,0,NA,0,0,0,0
042,NA,0,NA,NA,0,NA,0,NA,0,0,NA,NA,NA,0,0,NA,0,0,NA,NA,0,0,0,0,0,NA,NA,NA,NA,NA,NA,0,NA,NA,NA,NA,0,NA,0,0,0,0
043,NA,0,NA,NA,0,NA,0,NA,0,0,NA,NA,NA,0,0,NA,0,0,NA,NA,0,0,0,0,0,NA,NA,NA,NA,NA,NA,0,NA,NA,NA,NA,0,NA,0,0,0,0
044,NA,0,NA,NA,0,NA,0,NA,0,0,NA,NA,NA,0,0,NA,0,0,NA,NA,0,0,0,0,0,NA,NA,NA,NA,NA,NA,0,NA,NA,NA,NA,0,NA,0,0,0,0
045,NA,0,NA,NA,0,NA,0,NA,0,0,NA,NA,NA,0,0,NA,0,0,NA,NA,0,0,0,0,0,NA,NA,NA,NA,NA,NA,0,NA,NA,NA,NA,0,NA,0,0,0,0
046,NA,0,NA,NA,0,NA,0,NA,0,0,NA,NA,NA,0,0,NA,0,0,NA,NA,0,0,0,0,0,NA,NA,NA,NA,NA,NA,0,NA,NA,NA,NA,0,NA,0,0,0,0
047,NA,0,NA,NA,0,NA,0,NA,0,0,NA,NA,NA,0,0,NA,0,0,NA,NA,0,0,0,0,0,NA,NA,NA,NA,NA,NA,0,NA,NA,NA,NA,0,NA,0,0,0,0
048,NA,0,NA,NA,0,NA,0,NA,0,0,NA,NA,NA,0,0,NA,0,0,NA,NA,0,0,0,0,0,NA,NA,NA,NA,NA,NA,0,NA,NA,NA,NA,0,NA,0,0,0,0
049,NA,0,NA,NA,0,NA,0,NA,0,0,NA,NA,NA,0,0,NA,0,0,NA,NA,0,0,0,0,0,NA,NA,NA,NA,NA,NA,0,NA,NA,NA,NA,0,NA,0,0,0,0
050,NA,0,NA,NA,0,NA,0,NA,0,0,NA,NA,NA,0,0,NA,0,0,NA,NA,0,0,0,0,0,NA,NA,NA,0,NA,NA,0,NA,NA,NA,NA,0,NA,0,0,0,0
051,NA,0,NA,NA,0,NA,0,NA,0,0,NA,NA,NA,0,0,NA,0,0,NA,NA,0,0,0,0,0,NA,NA,NA,NA,4,NA,0,NA,NA,NA,NA,0,NA,0,0,0,0
052,NA,0,NA,NA,0,NA,0,NA,0,0,NA,NA,NA,0,0,NA,0,0,NA,NA,0,0,0,0,0,NA,NA,NA,NA,NA,NA,0,NA,NA,NA,NA,0,NA,0,0,0,0
053,NA,0,NA,NA,0,NA,0,NA,0,0,NA,NA,NA,0,0,NA,0,0,NA,NA,0,0,0,0,0,NA,NA,NA,NA,NA,NA,0,NA,NA,NA,NA,0,NA,0,0,0,0
054,NA,0,NA,NA,0,NA,0,NA,0,0,NA,NA,NA,0,0,NA,0,0,NA,NA,0,0,0,0,0,NA,NA,NA,NA,NA,NA,0,NA,NA,NA,NA,0,NA,0,0,0,0
055,NA,0,NA,NA,0,NA,0,NA,0,0,NA,NA,NA,0,0,NA,0,0,NA,NA,0,0,0,0,0,NA,NA,NA,NA,NA,NA,0,NA,NA,NA,NA,0,NA,0,0,0,0
056,NA,0,NA,NA,0,NA,0,NA,0,0,NA,NA,NA,0,0,NA,0,0,NA,NA,0,0,0,0,0,NA,NA,NA,NA,NA,NA,0,NA,NA,10,NA,0,NA,0,0,0,0
057,NA,0,NA,NA,0,NA,0,NA,0,0,NA,NA,NA,0,0,NA,0,0,NA,NA,0,0,0,0,0,NA,NA,NA,NA,NA,NA,0,NA,NA,NA,NA,0,NA,0,0,0,0
058,NA,0,NA,NA,0,NA,0,NA,0,0,NA,NA,NA,0,0,NA,0,0,NA,NA,0,0,0,0,0,NA,NA,NA,NA,NA,NA,0,NA,NA,NA,NA,0,NA,0,0,0,0
059,NA,0,NA,NA,0,NA,0,NA,0,0,NA,NA,NA,0,0,NA,0,0,NA,NA,0,0,0,0,0,NA,NA,NA,NA,NA,NA,0,NA,NA,NA,NA,NA,NA,0,0,0,0
060,NA,0,NA,NA,0,NA,0,NA,0,0,NA,NA,NA,0,0,NA,0,0,NA,NA,0,0,0,0,0,NA,NA,NA,NA,NA,NA,0,NA,NA,NA,NA,0,NA,0,0,0,0
061,NA,0,NA,NA,0,NA,0,NA,0,0,NA,NA,NA,0,0,NA,0,0,NA,NA,0,0,0,0,0,NA,NA,NA,NA,NA,NA,0,NA,NA,NA,NA,0,NA,0,0,0,0
062,NA,0,NA,NA,0,NA,0,NA,0,0,NA,NA,NA,0,0,NA,0,0,NA,NA,0,0,0,0,0,NA,NA,NA,NA,NA,NA,0,NA,NA,NA,NA,0,NA,0,0,0,0
063,NA,0,NA,NA,0,NA,0,NA,0,0,NA,NA,NA,0,0,NA,0,0,NA,NA,0,0,0,0,0,NA,NA,NA,NA,NA,NA,0,NA,NA,NA,NA,0,NA,0,0,0,0
064,NA,0,NA,NA,0,NA,0,NA,0,0,NA,NA,NA,0,0,NA,0,0,NA,NA,0,0,0,0,0,NA,NA,NA,NA,NA,NA,0,NA,NA,NA,NA,0,NA,0,0,0,0
065,NA,0,NA,NA,0,NA,0,NA,0,0,NA,NA,NA,0,0,NA,0,0,NA,NA,0,0,0,0,0,NA,NA,NA,NA,NA,NA,0,NA,NA,NA,NA,0,NA,0,0,0,0
066,NA,0,NA,NA,0,NA,0,NA,0,0,NA,NA,NA,0,0,NA,0,0,NA,NA,0,0,0,0,0,NA,NA,NA,NA,NA,NA,0,NA,NA,NA,NA,0,NA,0,0,0,0
067,NA,0,NA,NA,0,NA,0,NA,0,0,NA,NA,NA,0,0,NA,0,0,NA,NA,0,0,0,0,0,NA,NA,NA,NA,NA,NA,0,NA,NA,NA,NA,0,NA,0,0,0,0
068,NA,0,NA,NA,0,NA,0,NA,0,0,NA,NA,NA,0,0,NA,0,0,NA,NA,0,0,0,0,0,NA,NA,NA,NA,NA,NA,0,NA,NA,10,NA,0,NA,0,0,0,0
069,NA,0,NA,NA,0,NA,0,NA,0,0,NA,NA,NA,0,0,NA,0,0,NA,NA,0,0,0,0,0,NA,NA,NA,NA,NA,NA,0,NA,NA,NA,NA,0,NA,0,0,0,0
070,NA,0,NA,NA,0,NA,0,NA,0,0,NA,NA,NA,0,0,NA,0,0,NA,NA,0,0,0,0,0,NA,NA,NA,NA,NA,NA,0,NA,NA,NA,NA,0,NA,0,0,0,0
071,NA,0,NA,NA,0,NA,0,NA,0,0,NA,NA,NA,0,0,NA,0,0,NA,NA,0,0,0,0,0,NA,NA,NA,NA,NA,NA,0,NA,NA,NA,NA,0,NA,0,0,0,0
072,NA,0,NA,NA,0,NA,0,NA,0,0,NA,NA,NA,0,0,NA,0,0,NA,NA,0,0,0,0,0,NA,NA,NA,NA,NA,NA,0,NA,NA,NA,NA,0,NA,0,0,0,0
073,NA,0,NA,NA,0,NA,0,NA,0,0,NA,NA,NA,0,0,NA,0,0,NA,NA,0,0,0,0,0,NA,NA,NA,NA,NA,NA,0,NA,NA,NA,NA,0,NA,0,0,0,0
074,NA,0,NA,NA,0,NA,0,NA,0,0,NA,NA,NA,0,0,NA,0,0,NA,NA,0,0,0,0,0,NA,NA,NA,NA,4,NA,0,NA,NA,NA,NA,0,NA,0,0,0,0
075,NA,0,NA,NA,0,NA,0,NA,0,0,NA,NA,NA,0,0,NA,0,0,NA,NA,0,0,0,0,0,NA,NA,NA,NA,NA,NA,0,NA,NA,NA,NA,0,NA,0,0,0,0
076,NA,0,NA,NA,0,NA,0,NA,0,0,NA,NA,NA,0,0,NA,0,0,NA,NA,0,0,0,0,0,NA,NA,NA,NA,NA,NA,0,NA,NA,NA,NA,0,NA,0,0,0,0
077,NA,0,NA,NA,0,NA,0,NA,0,0,NA,NA,NA,0,0,NA,0,0,NA,NA,0,0,0,0,0,NA,NA,NA,NA,NA,NA,0,NA,NA,NA,NA,0,NA,0,0,0,0
078,NA,0,NA,NA,0,NA,0,NA,0,0,NA,NA,NA,0,0,NA,0,0,NA,NA,0,0,0,0,0,NA,NA,NA,NA,NA,NA,0,NA,NA,NA,NA,0,NA,0,0,0,0
079,NA,0,NA,NA,0,NA,0,NA,0,0,NA,NA,NA,0,0,NA,0,0,NA,NA,0,0,0,0,0,NA,NA,NA,NA,NA,NA,0,NA,NA,NA,NA,0,NA,0,0,0,0
080,NA,0,NA,NA,0,NA,0,NA,0,0,NA,NA,NA,0,0,NA,0,0,NA,NA,0,0,0,0,0,NA,NA,NA,NA,NA,NA,0,NA,NA,NA,NA,0,NA,0,0,0,0
081,NA,0,NA,NA,0,NA,0,NA,0,0,NA,NA,NA,0,0,NA,0,0,NA,NA,0,0,0,0,0,NA,NA,NA,NA,NA,NA,0,NA,NA,NA,NA,0,NA,0,0,0,0
082,NA,0,NA,NA,0,NA,0,NA,0,0,NA,NA,NA,0,0,NA,0,0,NA,NA,0,0,0,0,0,NA,NA,NA,NA,NA,NA,0,NA,NA,NA,NA,0,NA,0,0,0,0
083,NA,0,NA,NA,0,NA,0,NA,0,0,NA,NA,NA,0,0,NA,0,0,NA,NA,0,0,0,0,0,NA,NA,NA,NA,NA,NA,0,NA,NA,NA,NA,0,NA,0,0,0,0
084,NA,0,NA,NA,0,NA,0,NA,0,0,NA,NA,NA,0,0,NA,0,0,NA,NA,0,0,0,0,0,NA,NA,NA,NA,NA,NA,0,NA,NA,NA,NA,0,NA,0,0,0,0
085,NA,0,NA,NA,0,NA,0,NA,0,0,NA,NA,NA,0,0,NA,0,0,NA,NA,0,0,0,0,0,NA,NA,NA,NA,NA,NA,0,NA,NA,NA,NA,0,NA,0,0,0,0
086,NA,0,NA,NA,0,NA,0,NA,0,0,NA,NA,NA,0,0,NA,0,0,NA,NA,0,0,0,0,0,NA,NA,NA,NA,NA,NA,0,NA,NA,NA,NA,0,NA,0,0,0,0
087,NA,0,NA,NA,0,NA,0,NA,0,0,NA,NA,NA,0,0,NA,0,0,NA,NA,0,0,0,0,0,NA,NA,NA,NA,NA,NA,0,NA,NA,NA,NA,0,NA,0,0,0,0
088,NA,0,NA,NA,0,NA,0,NA,0,0,NA,NA,NA,0,0,NA,0,0,NA,NA,0,0,0,0,0,NA,NA,NA,NA,NA,NA,0,NA,NA,NA,NA,0,NA,0,0,0,0
089,NA,0,NA,NA,0,NA,0,NA,0,0,NA,NA,NA,0,0,NA,0,0,NA,NA,0,0,0,0,0,NA,NA,NA,NA,NA,NA,0,NA,NA,NA,NA,0,NA,0,0,0,0
090,NA,0,NA,NA,0,NA,0,NA,0,0,NA,NA,NA,0,0,NA,0,0,NA,NA,0,0,0,0,0,NA,NA,NA,NA,NA,NA,0,NA,NA,NA,NA,0,NA,0,0,0,0
091,NA,0,NA,NA,0,NA,0,NA,0,0,NA,NA,NA,0,0,NA,0,0,NA,NA,0,0,0,0,0,NA,NA,NA,NA,NA,NA,0,NA,NA,NA,NA,0,NA,0,0,0,0
092,NA,0,NA,NA,0,NA,0,NA,0,0,NA,NA,NA,0,0,NA,0,0,NA,NA,0,0,0,0,0,NA,NA,NA,NA,NA,NA,0,NA,NA,NA,NA,0,NA,0,0,0,0
093,NA,0,NA,NA,0,NA,0,NA,0,0,NA,NA,NA,0,0,NA,0,0,NA,NA,0,0,0,0,0,NA,NA,NA,NA,NA,NA,0,NA,NA,NA,NA,0,NA,0,0,0,0
094,NA,0,NA,NA,0,NA,0,NA,0,0,NA,NA,NA,0,0,NA,0,0,NA,NA,0,0,0,0,0,NA,NA,NA,NA,NA,NA,0,NA,NA,NA,NA,0,NA,0,0,0,0
095,NA,0,NA,NA,0,NA,0,NA,0,0,NA,NA,NA,0,0,NA,0,0,NA,NA,0,0,0,0,0,NA,NA,NA,NA,NA,1.3,0,NA,NA,NA,NA,0,NA,0,0,0,0
096,NA,0,NA,NA,0,NA,0,NA,0,0,NA,NA,NA,0,0,NA,0,0,NA,NA,0,0,0,0,0,NA,NA,NA,NA,NA,NA,0,NA,NA,NA,NA,0,NA,0,0,0,0
097,NA,0,NA,NA,0,NA,0,NA,0,0,NA,NA,NA,0,0,NA,0,0,NA,NA,0,0,0,0,0,NA,NA,NA,NA,NA,NA,0,NA,NA,NA,NA,0,NA,0,0,0,0
098,NA,0,NA,NA,0,NA,0,NA,0,0,NA,NA,NA,0,0,NA,0,0,NA,NA,0,0,0,0,0,NA,NA,NA,NA,NA,NA,0,NA,NA,NA,NA,0,NA,0,0,0,0
099,NA,0,NA,NA,0,NA,0,NA,0,0,NA,NA,NA,0,0,NA,0,0,NA,NA,0,0,0,0,0,NA,NA,NA,NA,NA,NA,0,NA,NA,NA,NA,0,NA,0,0,0,0
100,NA,0,NA,NA,0,NA,0,NA,0,0,NA,NA,NA,0,0,NA,0,0,NA,NA,0,0,0,0,0,NA,NA,NA,NA,NA,NA,0,NA,NA,NA,NA,0,NA,0,0,0,0
101,NA,0,NA,NA,0,NA,0,NA,0,0,NA,NA,NA,0,0,NA,0,0,NA,NA,0,0,0,0,0,NA,NA,NA,NA,NA,NA,0,NA,NA,NA,NA,0,NA,0,0,0,0
102,NA,0,NA,NA,0,NA,0,NA,0,0,NA,NA,NA,0,0,NA,0,0,NA,NA,0,0,0,0,0,NA,NA,NA,NA,4,NA,0,NA,NA,NA,NA,0,NA,0,0,0,0
103,NA,0,NA,NA,0,NA,0,NA,0,0,NA,NA,NA,0,0,NA,0,0,NA,NA,0,0,0,0,0,NA,NA,NA,NA,4,NA,0,NA,NA,NA,NA,0,NA,0,0,0,0
104,NA,0,NA,NA,0,NA,0,NA,0,0,NA,NA,NA,0,0,NA,0,0,NA,NA,0,0,0,0,0,NA,NA,NA,NA,NA,NA,0,NA,NA,NA,NA,0,NA,0,0,0,0
105,NA,0,NA,NA,0,NA,0,NA,0,0,NA,NA,NA,0,0,NA,0,0,NA,NA,0,0,0,0,0,NA,NA,NA,NA,NA,NA,0,NA,NA,NA,NA,0,NA,0,0,0,0
106,NA,0,NA,NA,0,NA,0,NA,0,0,NA,NA,NA,0,0,NA,0,0,NA,NA,0,0,0,0,0,NA,NA,NA,NA,NA,NA,0,NA,NA,NA,NA,0,NA,0,0,0,0
107,NA,0,NA,NA,0,NA,0,NA,0,0,NA,NA,NA,0,0,NA,0,0,NA,NA,0,0,0,0,0,NA,NA,NA,NA,NA,NA,0,NA,NA,NA,NA,0,NA,0,0,0,0
108,NA,0,NA,NA,0,NA,0,NA,0,0,NA,NA,NA,0,0,NA,0,0,NA,NA,0,0,0,0,0,NA,NA,NA,NA,NA,NA,0,NA,NA,NA,NA,0,NA,0,0,0,0
109,NA,0,NA,NA,0,NA,0,NA,0,0,NA,NA,NA,0,0,NA,0,0,NA,NA,0,0,0,0,0,NA,NA,NA,NA,NA,NA,0,NA,NA,NA,NA,0,NA,0,0,0,0
110,NA,0,NA,NA,0,NA,0,NA,0,0,NA,NA,NA,0,0,NA,0,0,NA,NA,0,0,0,0,0,NA,NA,NA,NA,NA,NA,0,NA,NA,NA,NA,0,NA,0,0,0,0
111,NA,0,NA,NA,0,NA,0,NA,0,0,NA,NA,NA,0,0,NA,0,0,NA,NA,0,0,0,0,0,NA,NA,NA,NA,NA,NA,0,NA,NA,NA,NA,0,NA,0,0,0,0
112,NA,0,NA,NA,0,NA,0,NA,0,0,NA,NA,NA,0,0,NA,0,0,NA,NA,0,0,0,0,0,NA,NA,NA,NA,NA,NA,0,NA,NA,NA,NA,0,NA,0,0,0,0
113,NA,0,NA,NA,0,NA,0,NA,0,0,NA,NA,NA,0,0,NA,0,0,NA,NA,0,0,0,0,0,NA,NA,NA,NA,NA,NA,0,NA,NA,NA,NA,0,NA,0,0,0,0
114,NA,0,NA,NA,0,NA,0,NA,0,0,NA,NA,NA,0,0,NA,0,0,NA,NA,0,0,0,0,0,NA,NA,NA,NA,NA,NA,0,NA,NA,NA,NA,0,NA,0,0,0,0
115,NA,0,NA,NA,0,NA,0,NA,0,0,NA,NA,NA,0,0,NA,0,0,NA,NA,0,0,0,0,0,NA,NA,NA,NA,NA,NA,0,NA,NA,NA,NA,0,7.3,0,0,0,0
116,NA,0,NA,NA,0,NA,0,NA,0,0,NA,NA,NA,0,0,NA,0,0,NA,NA,0,0,0,0,0,NA,NA,NA,NA,NA,NA,0,NA,NA,NA,NA,0,NA,0,0,0,0
117,NA,0,NA,NA,0,NA,0,NA,0,0,NA,NA,NA,0,0,NA,0,0,NA,NA,0,0,0,0,0,NA,NA,NA,NA,NA,NA,0,NA,NA,NA,NA,0,NA,0,0,0,0
118,NA,0,NA,NA,0,NA,0,NA,0,0,NA,NA,NA,0,0,NA,0,0,NA,NA,0,0,0,0,0,NA,NA,NA,NA,NA,NA,0,NA,NA,NA,NA,0,NA,0,0,0,0
119,NA,0,NA,NA,0,NA,0,NA,0,0,NA,NA,NA,0,0,NA,0,0,NA,NA,0,0,0,0,0,NA,NA,NA,NA,NA,NA,0,NA,NA,NA,NA,0,NA,0,0,0,0
120,NA,0,NA,15.3,0,NA,0,NA,0,0,NA,NA,NA,0,0,NA,0,0,NA,NA,0,0,0,0,0,NA,NA,NA,NA,4,NA,0,1.3,NA,NA,NA,0,NA,0,0,0,0
121,NA,0,NA,NA,0,NA,0,NA,0,0,NA,NA,NA,0,0,NA,0,0,NA,NA,0,0,0,0,0,NA,NA,NA,NA,NA,NA,0,NA,NA,NA,NA,0,NA,0,0,0,0
122,NA,0,NA,NA,0,NA,0,NA,0,0,NA,NA,NA,0,0,NA,0,0,NA,NA,0,0,0,0,0,NA,NA,NA,NA,NA,NA,0,NA,NA,NA,NA,0,NA,0,0,0,0
123,NA,0,NA,NA,0,NA,0,NA,0,0,NA,NA,NA,0,0,NA,0,0,NA,NA,0,0,0,0,0,NA,NA,NA,NA,NA,NA,0,NA,NA,NA,NA,0,NA,0,0,0,0
124,NA,0,NA,NA,0,NA,0,NA,0,0,NA,NA,NA,0,0,NA,0,0,NA,NA,0,0,0,0,0,NA,NA,NA,NA,NA,NA,0,NA,NA,NA,NA,0,NA,0,0,0,0
125,NA,0,NA,NA,0,NA,0,NA,0,0,NA,NA,NA,0,0,NA,0,0,NA,NA,0,0,0,0,0,NA,NA,NA,NA,NA,NA,0,NA,NA,NA,NA,0,NA,0,0,0,0
126,NA,0,NA,NA,0,NA,0,NA,0,0,NA,NA,NA,0,0,NA,0,0,NA,NA,0,0,0,0,0,NA,NA,NA,NA,NA,NA,0,NA,NA,NA,NA,0,NA,0,0,0,0
127,NA,0,NA,NA,0,NA,0,NA,0,0,NA,NA,NA,0,0,NA,0,0,NA,NA,0,0,0,0,0,NA,NA,NA,NA,NA,NA,0,NA,NA,NA,NA,0,NA,0,0,0,0
128,NA,0,NA,NA,0,NA,0,NA,0,0,NA,NA,NA,0,0,NA,0,0,NA,NA,0,0,0,0,0,NA,NA,NA,NA,NA,NA,0,NA,NA,NA,NA,0,NA,0,0,0,0
129,NA,0,NA,NA,0,NA,0,NA,0,0,NA,NA,NA,0,0,NA,0,0,NA,NA,0,0,0,0,0,NA,NA,NA,NA,NA,NA,0,NA,NA,NA,NA,0,NA,0,0,0,0
130,NA,0,NA,NA,0,NA,0,NA,0,0,NA,NA,NA,0,0,NA,0,0,NA,NA,0,0,0,0,0,NA,NA,NA,NA,NA,NA,0,NA,NA,NA,NA,0,NA,0,0,0,0
131,NA,0,NA,NA,0,NA,0,NA,0,0,NA,NA,NA,0,0,NA,0,0,NA,NA,0,0,0,0,0,NA,NA,NA,NA,4,NA,0,NA,NA,NA,NA,0,NA,0,0,0,0
132,NA,0,NA,NA,0,NA,0,NA,0,0,NA,NA,NA,0,0,NA,0,0,NA,NA,0,0,0,0,0,NA,NA,NA,NA,NA,NA,0,NA,NA,NA,NA,0,NA,0,0,0,0
133,NA,0,NA,NA,0,NA,0,NA,0,0,NA,NA,NA,0,0,NA,0,0,NA,NA,0,0,0,0,0,NA,NA,NA,NA,4,NA,0,NA,NA,NA,NA,0,NA,0,0,0,0
134,NA,0,NA,NA,0,NA,0,NA,0,0,NA,NA,NA,0,0,NA,0,0,NA,NA,0,0,0,0,0,NA,NA,NA,NA,4,NA,0,NA,NA,NA,NA,0,NA,0,0,0,0
135,NA,0,NA,NA,0,NA,0,NA,0,0,NA,NA,NA,0,0,NA,0,0,NA,NA,0,0,0,0,0,NA,NA,NA,NA,NA,NA,0,NA,NA,NA,NA,0,NA,0,0,0,0
136,NA,0,NA,NA,0,NA,0,NA,0,0,NA,NA,NA,0,0,NA,0,0,NA,NA,0,0,0,0,0,NA,NA,NA,NA,NA,NA,0,NA,NA,NA,NA,0,NA,0,0,0,0
137,NA,0,NA,NA,0,NA,0,NA,0,0,NA,NA,NA,0,0,NA,0,0,NA,NA,0,0,0,0,0,NA,NA,NA,NA,NA,NA,0,NA,NA,NA,NA,0,NA,0,0,0,0
138,NA,0,NA,NA,0,NA,0,NA,0,0,NA,NA,NA,0,0,NA,0,0,NA,NA,0,0,0,0,0,NA,NA,NA,NA,NA,NA,0,NA,NA,NA,NA,0,NA,0,0,0,0
139,NA,0,NA,NA,0,NA,0,NA,0,0,NA,NA,NA,0,0,NA,0,0,NA,NA,0,0,0,0,0,NA,NA,NA,NA,NA,NA,0,NA,NA,NA,NA,0,NA,0,0,0,0
140,NA,0,NA,NA,0,NA,0,NA,0,0,NA,NA,NA,0,0,NA,0,0,NA,NA,0,0,0,0,0,NA,NA,NA,NA,NA,NA,0,NA,NA,NA,NA,0,NA,0,0,0,0
141,NA,0,NA,NA,0,NA,0,NA,0,0,NA,NA,NA,0,0,NA,0,0,NA,NA,0,0,0,0,0,NA,NA,NA,NA,NA,NA,0,NA,NA,NA,NA,0,NA,0,0,0,0
142,NA,0,NA,NA,0,NA,0,NA,0,0,NA,NA,NA,0,0,NA,0,0,NA,NA,0,0,0,0,0,NA,NA,NA,NA,NA,NA,0,NA,NA,NA,NA,0,NA,0,0,0,0
143,NA,0,NA,NA,0,NA,0,NA,0,0,NA,NA,NA,0,0,NA,0,0,NA,NA,0,0,0,0,0,NA,NA,NA,NA,NA,NA,0,NA,NA,NA,NA,0,NA,0,0,0,0
144,NA,0,NA,NA,0,NA,0,NA,0,0,NA,NA,NA,0,0,NA,0,0,NA,NA,0,0,0,0,0,NA,NA,NA,NA,4,NA,0,NA,NA,NA,NA,0,NA,0,0,0,0
145,NA,0,NA,NA,0,NA,0,NA,0,0,NA,NA,NA,0,0,NA,0,0,NA,NA,0,0,0,0,0,NA,NA,NA,NA,NA,1.3,0,NA,1.3,NA,NA,0,NA,0,0,0,0
146,NA,0,NA,NA,0,NA,0,NA,0,0,NA,NA,NA,0,0,NA,0,0,NA,NA,0,0,0,0,0,NA,NA,NA,NA,NA,NA,0,NA,NA,NA,NA,0,NA,0,0,0,0
147,NA,0,NA,NA,0,NA,0,NA,0,0,NA,NA,NA,0,0,NA,0,0,NA,NA,0,0,0,0,0,NA,NA,NA,NA,NA,NA,0,NA,NA,NA,NA,0,NA,0,0,0,0
148,NA,0,NA,NA,0,NA,0,NA,0,0,NA,NA,NA,0,0,NA,0,0,NA,NA,0,0,0,0,0,NA,NA,NA,NA,NA,NA,0,NA,NA,NA,NA,0,NA,0,0,0,0
149,NA,0,NA,NA,0,NA,0,NA,0,0,NA,NA,NA,0,0,NA,0,0,NA,NA,0,0,0,0,0,NA,NA,NA,NA,NA,NA,0,NA,NA,NA,NA,0,NA,0,0,0,0
150,NA,0,NA,NA,0,NA,0,NA,0,0,NA,NA,NA,0,0,NA,0,0,NA,NA,0,0,0,0,0,NA,NA,NA,NA,NA,NA,0,NA,NA,NA,NA,0,NA,0,0,0,0
151,NA,0,NA,NA,0,NA,0,NA,0,0,NA,NA,NA,0,0,NA,0,0,NA,NA,0,0,0,0,0,NA,NA,NA,NA,NA,NA,0,NA,NA,NA,NA,0,NA,0,0,0,0
152,NA,0,NA,NA,0,NA,0,NA,0,0,NA,NA,NA,0,0,NA,0,0,NA,NA,0,0,0,0,0,NA,NA,NA,NA,NA,NA,0,NA,NA,NA,NA,0,NA,0,0,0,0
153,NA,0,NA,NA,0,NA,0,NA,0,0,NA,NA,NA,0,0,NA,0,0,NA,NA,0,0,0,0,0,NA,NA,NA,NA,NA,NA,0,NA,NA,NA,NA,0,NA,0,0,0,0
154,NA,0,NA,NA,0,NA,0,NA,0,0,NA,NA,NA,0,0,NA,0,0,NA,NA,0,0,0,0,0,NA,NA,NA,NA,NA,NA,0,NA,NA,NA,NA,0,NA,0,0,0,0
155,NA,0,NA,NA,0,NA,0,NA,0,0,NA,NA,NA,0,0,NA,0,0,NA,NA,0,0,0,0,0,NA,NA,NA,NA,NA,1.3,0,NA,NA,NA,NA,0,7.3,0,0,0,0
156,NA,0,NA,NA,0,NA,0,NA,0,0,NA,NA,NA,0,0,NA,0,0,NA,NA,0,0,0,0,0,NA,NA,NA,NA,NA,NA,0,NA,NA,NA,NA,0,NA,0,0,0,0
157,NA,0,NA,NA,0,NA,0,NA,0,0,NA,NA,NA,0,0,NA,0,0,NA,NA,0,0,0,0,0,NA,NA,NA,NA,NA,NA,0,NA,NA,NA,NA,0,NA,0,0,0,0
158,NA,0,NA,NA,0,NA,0,NA,0,0,NA,NA,NA,0,0,NA,0,0,NA,NA,0,0,0,0,0,NA,NA,NA,NA,NA,NA,0,NA,NA,NA,NA,0,NA,0,0,0,0
159,NA,0,NA,NA,0,NA,0,NA,0,0,NA,NA,NA,0,0,NA,0,0,NA,NA,0,0,0,0,0,NA,NA,NA,NA,NA,NA,0,NA,NA,NA,NA,0,NA,0,0,0,0
160,NA,0,NA,NA,0,NA,0,NA,0,0,NA,NA,NA,0,0,NA,0,0,NA,NA,0,0,0,0,0,NA,NA,NA,NA,NA,NA,0,NA,NA,NA,NA,0,NA,0,0,0,0
161,NA,0,NA,NA,0,NA,0,NA,0,0,NA,NA,NA,0,0,NA,0,0,NA,NA,0,0,0,0,0,NA,NA,NA,NA,NA,NA,0,NA,NA,NA,NA,0,NA,0,0,0,0
162,NA,0,NA,NA,0,NA,0,NA,0,0,NA,NA,NA,0,0,NA,0,0,NA,NA,0,0,0,0,0,NA,NA,NA,NA,NA,NA,0,NA,NA,NA,NA,0,NA,0,0,0,0
163,NA,0,NA,NA,0,NA,0,NA,0,0,NA,NA,NA,0,0,NA,0,0,NA,NA,0,0,0,0,0,NA,NA,NA,NA,NA,NA,0,NA,NA,NA,NA,0,NA,0,0,0,0
164,NA,0,NA,NA,0,NA,0,NA,0,0,NA,NA,NA,0,0,NA,0,0,NA,NA,0,0,0,0,0,NA,NA,NA,NA,NA,NA,0,NA,NA,NA,NA,0,NA,0,0,0,0
165,NA,0,NA,NA,0,NA,0,NA,0,0,NA,NA,NA,0,0,NA,0,0,NA,NA,0,0,0,0,0,NA,NA,NA,NA,NA,NA,0,NA,NA,NA,NA,0,NA,0,0,0,0
166,NA,0,NA,NA,0,NA,0,NA,0,0,NA,NA,NA,0,0,NA,0,0,NA,NA,0,0,0,0,0,NA,NA,NA,NA,NA,NA,0,NA,NA,NA,NA,0,NA,0,0,0,0
167,NA,0,NA,NA,0,NA,0,NA,0,0,NA,NA,NA,0,0,NA,0,0,NA,NA,0,0,0,0,0,NA,NA,NA,NA,NA,NA,0,NA,NA,NA,NA,0,NA,0,0,0,0
168,NA,0,NA,NA,0,NA,0,NA,0,0,NA,NA,NA,0,0,NA,0,0,NA,NA,0,0,0,0,0,NA,NA,NA,NA,NA,NA,0,NA,NA,NA,NA,0,NA,0,0,0,NA
169,NA,0,NA,NA,0,NA,0,NA,0,0,NA,NA,NA,0,0,NA,0,0,NA,NA,0,0,0,0,0,NA,NA,NA,NA,NA,NA,0,NA,NA,NA,NA,0,NA,0,0,0,0
170,NA,0,NA,NA,0,NA,0,NA,0,0,NA,NA,NA,0,0,NA,0,0,NA,NA,0,0,0,0,0,NA,NA,NA,NA,NA,NA,0,NA,NA,NA,NA,0,NA,0,0,0,0
171,NA,0,NA,NA,0,NA,0,NA,0,0,NA,NA,NA,0,0,NA,0,0,NA,NA,0,0,0,0,0,NA,NA,NA,NA,NA,NA,0,NA,NA,NA,NA,0,NA,0,0,0,0
172,NA,0,NA,NA,0,NA,0,NA,0,0,NA,NA,NA,0,0,NA,0,0,NA,NA,0,0,0,0,0,NA,NA,NA,NA,NA,NA,0,NA,NA,NA,NA,0,NA,0,0,0,0
173,NA,0,NA,NA,0,NA,0,NA,0,0,NA,NA,NA,0,0,NA,0,0,NA,NA,0,0,0,0,0,NA,NA,NA,NA,NA,NA,0,NA,NA,NA,NA,0,NA,0,0,0,0
174,NA,0,NA,NA,0,NA,0,NA,0,0,NA,NA,NA,0,0,NA,0,0,NA,NA,0,0,0,0,0,NA,NA,NA,NA,NA,NA,0,NA,NA,NA,NA,0,NA,0,0,0,0
175,NA,0,NA,NA,0,NA,0,NA,0,0,NA,NA,NA,0,0,NA,0,0,NA,NA,0,0,0,0,0,NA,NA,NA,NA,NA,NA,0,NA,NA,NA,NA,0,NA,0,0,0,NA
176,NA,0,NA,NA,0,NA,0,NA,0,0,NA,NA,NA,0,0,NA,0,0,NA,NA,0,0,0,0,0,NA,NA,NA,NA,NA,NA,0,NA,NA,NA,NA,0,NA,0,0,0,0
177,NA,0,NA,NA,0,NA,0,NA,0,0,NA,NA,NA,0,0,NA,0,0,NA,NA,0,0,0,0,0,NA,NA,NA,NA,NA,NA,0,NA,NA,NA,NA,0,NA,0,0,0,0
178,NA,0,NA,NA,0,NA,0,NA,0,0,NA,NA,NA,0,0,NA,0,0,NA,NA,0,0,0,0,0,NA,NA,NA,NA,NA,NA,0,NA,NA,NA,NA,0,NA,0,0,0,0
179,NA,0,NA,NA,0,NA,0,NA,0,0,NA,NA,NA,0,0,NA,0,0,NA,NA,0,0,0,0,0,NA,NA,NA,NA,NA,1.3,0,NA,1.3,NA,NA,0,NA,0,0,0,0
180,NA,0,NA,NA,0,NA,0,NA,0,0,NA,NA,NA,0,0,NA,0,0,NA,NA,0,0,0,0,0,NA,NA,NA,0,NA,NA,0,NA,NA,NA,NA,0,NA,0,0,0,0
181,NA,0,NA,NA,0,NA,0,NA,0,0,NA,NA,NA,0,0,NA,0,0,NA,NA,0,0,0,0,0,NA,NA,NA,NA,NA,NA,0,NA,NA,NA,NA,0,NA,0,0,0,0
182,NA,0,NA,NA,0,NA,0,NA,0,0,NA,NA,NA,0,0,NA,0,0,NA,NA,0,0,0,0,0,NA,NA,NA,NA,NA,NA,0,NA,NA,NA,1.3,0,NA,0,0,0,0
183,NA,0,NA,NA,0,NA,0,NA,0,0,NA,NA,NA,0,0,NA,0,0,NA,NA,0,0,0,0,0,NA,NA,NA,NA,NA,NA,0,NA,NA,NA,NA,0,NA,0,0,0,0
184,NA,0,NA,NA,0,NA,0,NA,0,0,NA,NA,NA,0,0,NA,0,0,NA,NA,0,0,0,0,0,NA,NA,NA,NA,NA,NA,0,NA,NA,NA,NA,0,NA,0,0,0,0
185,NA,0,NA,NA,0,NA,0,NA,0,0,NA,NA,NA,0,0,NA,0,0,NA,NA,0,0,0,0,0,NA,NA,NA,NA,NA,NA,0,NA,NA,NA,NA,0,NA,0,0,0,0
186,NA,0,NA,NA,0,NA,0,NA,0,0,NA,NA,NA,0,0,NA,0,0,NA,NA,0,0,0,0,0,NA,NA,NA,NA,NA,NA,0,NA,NA,NA,NA,0,NA,0,0,0,0
187,NA,0,NA,NA,0,NA,0,NA,0,0,NA,NA,NA,0,0,NA,0,0,NA,NA,0,0,0,0,0,NA,NA,NA,NA,NA,NA,0,NA,NA,NA,NA,0,NA,0,0,0,0
188,NA,0,NA,NA,0,NA,0,NA,0,0,NA,NA,NA,0,0,NA,0,0,NA,NA,0,0,0,0,0,NA,NA,NA,NA,NA,NA,0,NA,NA,NA,NA,0,NA,0,0,0,0
189,NA,0,NA,NA,0,NA,0,NA,0,0,NA,NA,NA,0,0,NA,0,0,NA,NA,0,0,0,0,0,NA,NA,NA,NA,NA,NA,0,NA,NA,NA,NA,0,NA,0,0,0,0
190,NA,0,NA,NA,0,NA,0,NA,0,0,NA,NA,NA,0,0,NA,0,0,NA,NA,0,0,0,0,0,NA,NA,NA,NA,NA,NA,0,NA,NA,NA,NA,0,NA,0,0,0,0
191,NA,0,NA,NA,0,NA,0,NA,0,0,NA,NA,NA,0,0,NA,0,0,NA,NA,0,0,0,0,0,NA,NA,NA,NA,NA,NA,0,NA,NA,NA,NA,0,NA,0,0,0,0
192,NA,0,NA,NA,0,NA,0,NA,0,0,NA,NA,NA,0,0,NA,0,0,NA,NA,0,0,0,0,0,NA,NA,NA,NA,4,NA,0,NA,NA,NA,NA,0,NA,0,0,0,0
193,NA,0,NA,NA,0,NA,0,NA,0,0,NA,NA,NA,0,0,NA,0,0,NA,NA,0,0,0,0,0,NA,NA,NA,NA,NA,NA,0,NA,NA,NA,NA,0,NA,0,0,0,0
194,NA,0,NA,NA,0,NA,0,NA,0,0,NA,NA,NA,0,0,NA,0,0,NA,NA,0,0,0,0,0,NA,NA,NA,NA,NA,NA,0,NA,NA,NA,NA,0,NA,0,0,0,0
195,NA,0,NA,NA,0,NA,0,NA,0,0,NA,NA,NA,0,0,NA,0,0,NA,NA,0,0,0,0,0,NA,NA,NA,NA,NA,NA,0,NA,NA,NA,NA,0,NA,0,0,0,0
196,NA,0,NA,NA,0,NA,0,NA,0,0,NA,NA,NA,0,0,NA,0,0,NA,NA,0,0,0,0,0,NA,NA,NA,NA,NA,NA,0,NA,NA,NA,NA,0,NA,0,0,0,0
197,NA,0,NA,NA,0,NA,0,NA,0,0,NA,NA,NA,0,0,NA,0,0,NA,NA,0,0,0,0,0,NA,NA,NA,NA,NA,NA,0,NA,NA,NA,NA,0,NA,0,0,0,0
198,NA,0,NA,NA,0,NA,0,NA,0,0,NA,NA,NA,0,0,NA,0,0,NA,NA,0,0,0,0,0,NA,NA,NA,NA,NA,NA,0,NA,NA,NA,NA,0,NA,0,0,0,0
199,NA,0,NA,NA,0,NA,0,NA,0,0,NA,NA,NA,0,0,NA,0,0,NA,NA,0,0,0,0,0,NA,NA,NA,NA,NA,NA,0,NA,NA,NA,NA,0,NA,0,0,0,0
200,NA,0,NA,NA,0,NA,0,NA,0,0,NA,NA,NA,0,0,NA,0,0,NA,NA,0,0,0,0,0,NA,NA,NA,NA,NA,NA,0,NA,NA,NA,NA,0,NA,0,0,0,0
201,NA,0,NA,NA,0,NA,0,NA,0,0,NA,NA,NA,0,0,NA,0,0,NA,NA,0,0,0,0,0,NA,NA,NA,NA,NA,NA,0,NA,NA,NA,NA,0,NA,0,0,0,0
202,NA,0,NA,NA,0,NA,0,NA,0,0,NA,NA,NA,0,0,NA,0,0,NA,NA,0,0,0,0,0,NA,NA,NA,NA,NA,NA,0,NA,NA,NA,NA,0,NA,0,0,0,0
203,NA,0,NA,NA,0,NA,0,NA,0,0,NA,NA,NA,0,0,NA,0,0,NA,NA,0,0,0,0,0,NA,NA,NA,NA,NA,NA,0,NA,NA,NA,NA,0,NA,0,0,0,0
204,NA,0,NA,NA,0,NA,0,NA,0,0,NA,NA,NA,0,0,NA,0,0,NA,NA,0,0,0,0,0,NA,NA,NA,NA,NA,NA,0,NA,NA,NA,NA,0,NA,0,0,0,0
205,NA,0,NA,NA,0,NA,0,NA,0,0,NA,NA,NA,0,0,NA,0,0,NA,NA,0,0,0,0,0,NA,NA,NA,NA,NA,NA,0,NA,NA,NA,NA,0,NA,0,0,0,0
206,NA,0,NA,NA,0,NA,0,NA,0,0,NA,NA,NA,0,0,NA,0,0,NA,NA,0,0,0,0,0,NA,NA,NA,NA,NA,NA,0,NA,NA,NA,NA,0,NA,0,0,0,0
207,NA,0,NA,NA,0,NA,0,NA,0,0,NA,NA,NA,0,0,NA,0,0,NA,NA,0,0,0,0,0,NA,NA,NA,NA,NA,NA,0,NA,NA,NA,NA,0,NA,0,0,0,0
208,NA,0,NA,NA,0,NA,0,NA,0,0,NA,NA,NA,0,0,NA,0,0,NA,NA,0,0,0,0,0,NA,NA,NA,NA,NA,NA,0,NA,NA,NA,NA,0,NA,0,0,0,0
209,NA,0,NA,NA,0,NA,0,NA,0,0,NA,NA,NA,0,0,NA,0,0,NA,NA,0,0,0,0,0,NA,NA,NA,NA,NA,NA,0,NA,NA,NA,NA,0,NA,0,0,0,0
210,NA,0,NA,NA,0,NA,0,NA,0,0,NA,NA,NA,0,0,NA,0,0,NA,NA,0,0,0,0,0,NA,NA,NA,NA,NA,NA,0,NA,NA,NA,NA,0,NA,0,0,0,0
211,NA,0,NA,NA,0,NA,0,NA,0,0,NA,NA,NA,0,0,NA,0,0,NA,NA,0,0,0,0,0,NA,NA,NA,NA,NA,1.3,0,NA,1.3,NA,NA,0,NA,0,0,0,0
212,NA,0,NA,NA,0,NA,0,NA,0,0,NA,NA,NA,0,0,NA,0,0,NA,NA,0,0,0,0,0,NA,NA,NA,NA,NA,NA,0,NA,NA,NA,NA,0,NA,0,0,0,0
213,NA,0,NA,NA,0,NA,0,NA,0,0,NA,NA,NA,0,0,NA,0,0,NA,NA,0,0,0,0,0,NA,NA,NA,NA,NA,NA,0,NA,NA,NA,NA,0,NA,0,0,0,0
214,NA,0,NA,NA,0,NA,0,NA,0,0,NA,NA,NA,0,0,NA,0,0,18,NA,0,0,0,0,0,NA,NA,NA,NA,NA,1.3,0,NA,NA,NA,NA,0,NA,0,0,0,0
215,NA,0,NA,NA,0,NA,0,NA,0,0,NA,NA,NA,0,0,NA,0,0,NA,NA,0,0,0,0,0,NA,NA,NA,NA,NA,NA,0,NA,NA,NA,NA,0,NA,0,0,0,0
216,NA,0,NA,NA,0,NA,0,NA,0,0,NA,NA,NA,0,0,NA,0,0,NA,NA,0,0,0,0,0,NA,NA,NA,NA,NA,NA,0,NA,NA,NA,NA,0,NA,0,0,0,0
217,NA,0,NA,NA,0,NA,0,NA,0,0,NA,NA,NA,0,0,NA,0,0,NA,NA,0,0,0,0,0,NA,NA,NA,NA,NA,NA,0,NA,NA,NA,NA,0,NA,0,0,0,0
218,NA,0,NA,NA,0,NA,0,NA,0,0,NA,NA,NA,0,0,NA,0,0,NA,NA,0,0,0,0,0,NA,NA,NA,NA,NA,NA,0,NA,NA,NA,NA,0,NA,0,0,0,0
219,NA,0,NA,NA,0,NA,0,NA,0,0,NA,NA,NA,0,0,NA,0,0,NA,NA,0,0,0,0,0,NA,NA,NA,NA,NA,NA,0,NA,NA,NA,NA,0,NA,0,0,0,0
220,NA,0,NA,NA,0,NA,0,NA,0,0,NA,NA,NA,0,0,NA,0,0,NA,NA,0,0,0,0,0,NA,NA,NA,NA,4,NA,0,NA,1.3,NA,1.3,0,NA,0,0,0,0
221,NA,0,NA,NA,0,NA,0,NA,0,0,NA,NA,NA,0,0,NA,0,0,NA,NA,0,0,0,0,0,NA,NA,NA,NA,4,NA,0,NA,NA,NA,NA,0,NA,0,0,0,0
222,NA,0,NA,NA,0,NA,0,NA,0,0,NA,NA,NA,0,0,NA,0,0,NA,NA,0,0,0,0,0,NA,NA,NA,NA,NA,NA,0,NA,NA,NA,NA,0,NA,0,0,0,0
223,NA,0,NA,NA,0,NA,0,NA,0,0,NA,NA,NA,0,0,NA,0,0,NA,NA,0,0,0,0,0,NA,NA,NA,NA,NA,NA,0,NA,NA,NA,NA,0,NA,0,0,0,0
224,NA,0,NA,NA,0,NA,0,NA,0,0,NA,NA,NA,0,0,NA,0,0,NA,NA,0,0,0,0,0,NA,NA,NA,NA,NA,NA,0,NA,NA,NA,NA,0,NA,0,0,0,0
225,NA,0,NA,NA,0,NA,0,NA,0,0,NA,NA,NA,0,0,NA,0,0,NA,NA,0,0,0,0,0,NA,NA,NA,NA,NA,NA,0,NA,NA,NA,NA,0,NA,0,0,0,0
226,NA,0,NA,NA,0,NA,0,NA,0,0,NA,NA,NA,0,0,NA,0,0,NA,NA,0,0,0,0,0,NA,NA,NA,NA,NA,NA,0,NA,NA,NA,NA,0,NA,0,0,0,0
227,NA,0,NA,NA,0,NA,0,NA,0,0,NA,NA,NA,0,0,NA,0,0,NA,NA,0,0,0,0,0,NA,NA,NA,NA,NA,NA,0,NA,NA,NA,NA,0,NA,0,0,0,0
228,NA,0,NA,NA,0,NA,0,NA,0,0,NA,NA,NA,0,0,NA,0,0,NA,NA,0,0,0,0,0,NA,NA,NA,NA,NA,NA,0,NA,NA,NA,NA,0,NA,0,0,0,0
229,NA,0,NA,NA,0,NA,0,NA,0,0,NA,NA,NA,0,0,NA,0,0,NA,NA,0,0,0,0,0,NA,NA,NA,NA,NA,NA,0,NA,NA,NA,NA,0,NA,0,0,0,0
230,NA,0,NA,NA,0,NA,0,NA,0,0,NA,NA,4,0,0,NA,0,0,NA,NA,0,0,0,0,0,NA,NA,NA,NA,NA,NA,0,NA,NA,NA,NA,0,NA,0,0,0,0
231,NA,0,NA,NA,0,NA,0,NA,0,0,NA,NA,NA,0,0,NA,0,0,NA,NA,0,0,0,0,0,NA,NA,NA,NA,NA,NA,0,NA,NA,NA,NA,0,NA,0,0,0,0
232,NA,0,NA,NA,0,NA,0,NA,0,0,NA,NA,NA,0,0,NA,0,0,NA,NA,0,0,0,0,0,NA,NA,NA,NA,NA,NA,0,NA,NA,NA,NA,0,NA,0,0,0,0
233,NA,0,NA,NA,0,NA,0,NA,0,0,NA,NA,NA,0,0,NA,0,0,NA,NA,0,0,0,0,0,NA,NA,NA,NA,NA,NA,0,NA,NA,NA,NA,0,NA,0,0,0,0
234,NA,0,NA,NA,0,NA,0,NA,0,0,NA,NA,NA,0,0,NA,0,0,NA,NA,0,0,0,0,0,NA,NA,NA,NA,NA,NA,0,NA,NA,NA,NA,0,NA,0,0,0,0
235,NA,0,NA,NA,0,NA,0,NA,0,0,NA,NA,NA,0,0,NA,0,0,NA,NA,0,0,0,0,0,NA,NA,NA,NA,NA,NA,0,NA,NA,NA,NA,0,NA,0,0,0,0
236,NA,0,NA,NA,0,NA,0,NA,0,0,NA,NA,NA,0,0,NA,0,0,NA,NA,0,0,0,0,0,NA,NA,NA,NA,NA,NA,0,NA,NA,NA,NA,0,NA,0,0,0,0
237,NA,0,NA,NA,0,NA,0,NA,0,0,NA,NA,4,0,0,NA,0,0,NA,NA,0,0,0,0,0,NA,NA,NA,NA,NA,NA,0,NA,NA,NA,NA,0,NA,0,0,0,0
238,NA,0,NA,NA,0,NA,0,NA,0,0,NA,NA,NA,0,0,NA,0,0,NA,NA,0,0,0,0,0,NA,NA,NA,NA,NA,NA,0,NA,NA,NA,NA,0,NA,0,0,0,0
239,NA,0,NA,NA,0,NA,0,NA,0,0,NA,NA,NA,0,0,NA,0,0,NA,NA,0,0,0,0,0,NA,NA,NA,NA,NA,NA,0,NA,NA,NA,NA,0,NA,0,0,0,0
240,NA,0,NA,NA,0,NA,0,NA,0,0,NA,NA,4,0,0,NA,0,0,NA,NA,0,0,0,0,0,NA,NA,NA,NA,NA,NA,0,NA,NA,NA,NA,0,NA,0,0,0,0
241,NA,0,NA,NA,0,NA,0,NA,0,0,NA,NA,NA,0,0,NA,0,0,NA,NA,0,0,0,0,0,NA,NA,NA,NA,NA,NA,0,NA,NA,NA,NA,NA,NA,0,0,0,0
242,NA,0,NA,NA,0,NA,0,NA,0,0,NA,NA,NA,0,0,NA,0,0,NA,NA,0,0,0,0,0,NA,NA,NA,NA,NA,NA,0,NA,NA,NA,NA,0,NA,0,0,0,0
243,NA,0,NA,NA,0,NA,0,NA,0,0,NA,NA,NA,0,0,NA,0,0,NA,NA,0,0,0,0,0,NA,NA,NA,NA,NA,NA,0,NA,NA,NA,NA,0,NA,0,0,0,0
244,NA,0,NA,NA,0,NA,0,NA,0,0,NA,NA,NA,0,0,NA,0,0,NA,NA,0,0,0,0,0,NA,NA,NA,NA,4,NA,0,NA,NA,NA,NA,0,NA,0,0,0,0
245,NA,0,NA,NA,0,NA,0,NA,0,0,NA,NA,NA,0,0,NA,0,0,NA,NA,0,0,0,0,0,NA,NA,NA,NA,NA,NA,0,NA,NA,NA,NA,0,NA,0,0,0,0
246,NA,0,NA,NA,0,NA,0,NA,0,0,NA,NA,NA,0,0,NA,0,0,NA,NA,0,0,0,0,0,NA,NA,NA,NA,NA,NA,0,NA,NA,NA,NA,0,NA,0,0,0,0
247,NA,0,NA,NA,0,NA,0,NA,0,0,NA,NA,NA,0,0,NA,0,0,NA,NA,0,0,0,0,0,NA,NA,NA,NA,NA,NA,0,NA,NA,NA,NA,0,NA,0,0,0,0
248,NA,0,NA,NA,0,NA,0,NA,0,0,NA,NA,NA,0,0,NA,0,0,NA,NA,0,0,0,0,0,NA,NA,NA,NA,NA,NA,0,NA,NA,NA,NA,0,NA,0,0,0,0
249,NA,0,NA,NA,0,NA,0,NA,0,0,NA,NA,NA,0,0,NA,0,0,NA,NA,0,0,0,0,0,NA,NA,NA,NA,NA,NA,0,NA,NA,NA,NA,0,NA,0,0,0,0
250,NA,0,NA,NA,0,NA,0,NA,0,0,NA,NA,NA,0,0,NA,0,0,NA,NA,0,0,0,0,0,NA,NA,NA,NA,NA,NA,0,NA,NA,NA,NA,0,NA,0,0,0,0
251,NA,0,NA,NA,0,NA,0,NA,0,0,NA,NA,NA,0,0,NA,0,0,NA,NA,0,0,0,0,0,NA,NA,NA,NA,NA,NA,0,NA,NA,NA,NA,0,NA,0,0,0,0
252,NA,0,NA,NA,0,NA,0,NA,0,0,NA,NA,NA,0,0,NA,0,0,NA,NA,0,0,0,0,0,NA,NA,NA,NA,NA,NA,0,NA,NA,NA,NA,0,NA,0,0,0,0
253,NA,0,NA,NA,0,NA,0,NA,0,0,NA,NA,NA,0,0,NA,0,0,NA,NA,0,0,0,0,0,NA,NA,NA,NA,NA,NA,0,NA,NA,NA,NA,0,NA,0,0,0,0
254,NA,0,NA,NA,0,NA,0,NA,0,0,NA,NA,NA,0,0,NA,0,0,NA,NA,0,0,0,0,0,NA,NA,NA,NA,NA,NA,0,NA,NA,NA,NA,0,NA,0,0,0,0
255,NA,0,NA,NA,0,NA,0,NA,0,0,NA,NA,NA,0,0,NA,0,0,NA,NA,0,0,0,0,0,NA,NA,NA,NA,NA,NA,0,NA,NA,NA,NA,0,NA,0,0,0,0
256,NA,0,NA,NA,0,NA,0,NA,0,0,NA,NA,NA,0,0,NA,0,0,NA,NA,0,0,0,0,0,NA,NA,NA,NA,NA,NA,0,NA,1.3,NA,NA,0,NA,0,0,0,0
257,NA,0,NA,NA,0,NA,0,NA,0,0,NA,NA,NA,0,0,NA,0,0,NA,NA,0,0,0,0,0,NA,NA,NA,NA,NA,NA,0,NA,NA,NA,NA,0,NA,0,0,0,0
258,NA,0,NA,NA,0,NA,0,NA,0,0,NA,NA,NA,0,0,NA,0,0,NA,NA,0,0,0,0,0,NA,NA,NA,NA,NA,NA,0,NA,NA,NA,NA,0,NA,0,0,0,0
259,NA,0,NA,NA,0,NA,0,NA,0,0,NA,NA,NA,0,0,NA,0,0,NA,NA,0,0,0,0,0,NA,NA,NA,NA,NA,NA,0,NA,NA,NA,NA,0,NA,0,0,0,0
260,NA,0,NA,NA,0,NA,0,NA,0,0,NA,NA,NA,0,0,NA,0,0,NA,NA,0,0,0,0,0,NA,NA,NA,NA,NA,NA,0,NA,NA,NA,NA,0,NA,0,0,0,0
261,NA,0,NA,NA,0,NA,0,NA,0,0,NA,NA,NA,0,0,NA,0,0,18,NA,0,0,0,0,0,NA,NA,NA,NA,NA,NA,0,NA,NA,NA,NA,0,NA,0,0,0,0
262,NA,0,NA,NA,0,NA,0,NA,0,0,NA,NA,NA,0,0,NA,0,0,NA,NA,0,0,0,0,0,NA,NA,NA,NA,NA,NA,0,NA,NA,NA,NA,0,NA,0,0,0,0
263,NA,0,NA,NA,0,NA,0,NA,0,0,NA,NA,NA,0,0,NA,0,0,NA,NA,0,0,0,0,0,NA,NA,NA,NA,NA,NA,0,NA,NA,NA,NA,0,NA,0,0,0,0
264,NA,0,NA,NA,0,NA,0,NA,0,0,NA,NA,NA,0,0,NA,0,0,NA,NA,0,0,0,0,0,NA,NA,NA,NA,NA,NA,0,NA,NA,NA,NA,0,NA,0,0,0,0
265,NA,0,NA,NA,0,NA,0,NA,0,0,NA,NA,4,0,0,NA,0,0,NA,NA,0,0,0,0,0,NA,NA,NA,NA,NA,NA,0,NA,NA,NA,NA,0,NA,0,0,0,0
266,NA,0,NA,NA,0,NA,0,NA,0,0,NA,NA,NA,0,0,NA,0,0,NA,NA,0,0,0,0,0,NA,NA,NA,NA,NA,NA,0,NA,NA,NA,NA,0,NA,0,0,0,0
267,NA,0,NA,NA,0,NA,0,NA,0,0,NA,NA,NA,0,0,NA,0,0,NA,NA,0,0,0,0,0,NA,NA,NA,NA,4,NA,0,NA,NA,NA,1.3,0,NA,0,0,0,0
268,NA,0,NA,NA,0,NA,0,NA,0,0,NA,NA,NA,0,0,NA,0,0,NA,NA,0,0,0,0,0,NA,NA,NA,NA,NA,NA,0,NA,NA,NA,NA,0,NA,0,0,0,0
269,NA,0,NA,NA,0,NA,0,NA,0,0,NA,NA,NA,0,0,NA,0,0,NA,NA,0,0,0,0,0,NA,NA,NA,NA,NA,NA,0,NA,NA,NA,NA,0,NA,0,0,0,0
270,NA,0,NA,NA,0,NA,0,NA,0,0,NA,NA,NA,0,0,NA,0,0,NA,NA,0,0,0,0,0,NA,NA,NA,NA,NA,NA,0,NA,NA,NA,NA,0,NA,0,0,0,0
271,NA,0,NA,NA,0,NA,0,NA,0,0,NA,NA,NA,0,0,NA,0,0,NA,NA,0,0,0,0,0,NA,NA,NA,NA,NA,NA,0,NA,NA,NA,NA,0,NA,0,0,0,0
272,NA,0,NA,NA,0,NA,0,NA,0,0,NA,NA,NA,0,0,NA,0,0,NA,NA,0,0,0,0,0,NA,NA,NA,NA,NA,NA,0,NA,NA,NA,NA,0,NA,0,0,0,0
273,NA,0,NA,NA,0,NA,0,NA,0,0,NA,NA,NA,0,0,NA,0,0,NA,NA,0,0,0,0,0,NA,NA,NA,NA,NA,NA,0,NA,NA,NA,NA,0,NA,0,0,0,0
274,NA,0,NA,NA,0,NA,0,NA,0,0,NA,NA,NA,0,0,NA,0,0,NA,NA,0,0,0,0,0,NA,NA,NA,NA,NA,NA,0,NA,NA,NA,NA,0,NA,0,0,0,0
275,NA,0,NA,NA,0,NA,0,NA,0,0,NA,NA,4,0,0,NA,0,0,NA,NA,0,0,0,0,0,NA,NA,NA,NA,NA,NA,0,NA,NA,NA,NA,0,NA,0,0,0,0
276,NA,0,NA,NA,0,NA,0,NA,0,0,NA,NA,NA,0,0,NA,0,0,NA,NA,0,0,0,0,0,NA,NA,NA,NA,NA,NA,0,NA,NA,NA,NA,0,NA,0,0,0,0
277,NA,0,NA,NA,0,NA,0,NA,0,0,NA,NA,NA,0,0,NA,0,0,NA,NA,0,0,0,0,0,NA,NA,NA,NA,NA,NA,0,NA,NA,NA,NA,0,NA,0,0,0,0
278,NA,0,NA,NA,0,NA,0,NA,0,0,NA,NA,NA,0,0,NA,0,0,NA,NA,0,0,0,0,0,NA,NA,NA,NA,NA,NA,0,NA,1.3,NA,NA,0,NA,0,0,0,0
279,NA,0,NA,NA,0,NA,0,NA,0,0,NA,NA,NA,0,0,NA,0,0,NA,NA,0,0,0,0,0,NA,NA,NA,NA,NA,NA,0,NA,NA,NA,NA,0,NA,0,0,0,0
280,NA,0,NA,NA,0,NA,0,NA,0,0,NA,NA,NA,0,0,NA,0,0,NA,NA,0,0,0,0,0,NA,NA,NA,NA,NA,NA,0,NA,NA,NA,NA,0,NA,0,0,0,0
281,NA,0,NA,NA,0,NA,0,NA,0,0,NA,NA,NA,0,0,NA,0,0,NA,NA,0,0,0,0,0,NA,NA,NA,NA,NA,NA,0,NA,NA,NA,NA,0,NA,0,0,0,0
282,NA,0,NA,NA,0,NA,0,NA,0,0,NA,NA,NA,0,0,NA,0,0,NA,NA,0,0,0,0,0,NA,NA,NA,NA,NA,NA,0,NA,NA,NA,NA,0,NA,0,0,0,0
283,NA,0,NA,NA,0,NA,0,NA,0,0,NA,NA,NA,0,0,NA,0,0,NA,NA,0,0,0,0,0,NA,NA,NA,NA,NA,NA,0,NA,NA,NA,NA,0,NA,0,0,0,0
284,NA,0,NA,NA,0,NA,0,NA,0,0,NA,NA,NA,0,0,NA,0,0,NA,NA,0,0,0,0,0,NA,NA,NA,NA,NA,NA,0,NA,NA,NA,NA,0,NA,0,0,0,0
285,NA,0,NA,NA,0,NA,0,NA,0,0,NA,NA,NA,0,0,NA,0,0,NA,NA,0,0,0,0,0,NA,NA,NA,NA,NA,NA,0,NA,NA,NA,NA,0,NA,0,0,0,0
286,NA,0,NA,NA,0,NA,0,NA,0,0,NA,NA,NA,0,0,NA,0,0,NA,NA,0,0,0,0,0,NA,NA,NA,NA,NA,NA,0,NA,NA,NA,NA,0,NA,0,0,0,0
287,NA,0,NA,NA,0,NA,0,NA,0,0,NA,NA,NA,0,0,NA,0,0,NA,NA,0,0,0,0,0,NA,NA,NA,NA,NA,NA,0,NA,NA,NA,NA,0,NA,0,0,0,0
288,NA,0,NA,NA,0,NA,0,NA,0,0,NA,NA,NA,0,0,NA,0,0,NA,NA,0,0,0,0,0,NA,NA,NA,NA,NA,NA,0,NA,NA,NA,NA,0,NA,0,0,0,0
289,NA,0,NA,NA,0,NA,0,NA,0,0,NA,NA,NA,0,0,NA,0,0,NA,NA,0,0,0,0,0,NA,NA,NA,NA,NA,NA,0,NA,NA,NA,NA,0,NA,0,0,0,0
290,NA,0,NA,NA,0,NA,0,NA,0,0,NA,NA,NA,0,0,NA,0,0,NA,NA,0,0,0,0,0,NA,NA,NA,NA,NA,NA,0,NA,NA,NA,NA,0,NA,0,0,0,0
291,NA,0,NA,NA,0,NA,0,NA,0,0,NA,NA,NA,0,0,NA,0,0,NA,NA,0,0,0,0,0,NA,NA,NA,NA,NA,NA,0,NA,NA,NA,NA,0,NA,0,0,0,0
292,NA,0,NA,NA,0,NA,0,NA,0,0,NA,NA,NA,0,0,NA,0,0,NA,NA,0,0,0,0,0,NA,NA,NA,NA,NA,NA,0,NA,NA,NA,NA,0,NA,0,0,0,0
293,NA,0,NA,NA,0,NA,0,NA,0,0,NA,NA,NA,0,0,NA,0,0,NA,NA,0,0,0,0,0,NA,NA,NA,NA,NA,NA,0,NA,NA,NA,NA,0,NA,0,0,0,0
294,NA,0,NA,NA,0,NA,0,NA,0,0,NA,NA,NA,0,0,NA,0,0,NA,NA,0,0,0,0,0,NA,NA,NA,NA,NA,NA,0,NA,NA,10,NA,0,NA,0,0,0,0
295,NA,0,NA,NA,0,NA,0,NA,0,0,NA,NA,NA,0,0,NA,0,0,NA,NA,0,0,0,0,0,NA,NA,NA,NA,NA,NA,0,NA,NA,NA,NA,0,NA,0,0,0,0
296,NA,0,NA,NA,0,NA,0,NA,0,0,NA,NA,NA,0,0,NA,0,0,NA,NA,0,0,0,0,0,NA,NA,NA,NA,NA,NA,0,NA,NA,NA,NA,0,NA,0,0,0,0
297,NA,0,NA,NA,0,NA,0,NA,0,0,NA,NA,NA,0,0,NA,0,0,NA,NA,0,0,0,0,0,NA,NA,NA,NA,NA,NA,0,NA,NA,NA,NA,0,NA,0,0,0,0
298,NA,0,NA,NA,0,NA,0,NA,0,0,NA,NA,NA,0,0,NA,0,0,NA,NA,0,0,0,0,0,NA,NA,NA,NA,NA,NA,0,NA,NA,NA,NA,0,NA,0,0,0,0
299,NA,0,NA,NA,0,NA,0,NA,0,0,NA,NA,NA,0,0,NA,0,0,NA,NA,0,0,0,0,0,NA,NA,NA,NA,NA,NA,0,NA,NA,NA,NA,0,NA,0,0,0,0
300,NA,0,NA,NA,0,NA,0,NA,0,0,NA,NA,NA,0,0,NA,0,0,NA,NA,0,0,0,0,0,NA,NA,NA,NA,NA,NA,0,NA,NA,NA,NA,0,NA,0,0,0,0
301,NA,0,NA,NA,0,NA,0,NA,0,0,NA,NA,NA,0,0,NA,0,0,NA,NA,0,0,0,0,0,NA,NA,NA,NA,4,NA,0,NA,NA,NA,NA,0,NA,0,0,0,0
302,NA,0,NA,NA,0,NA,0,NA,0,0,NA,NA,NA,0,0,NA,0,0,NA,NA,0,0,0,0,0,NA,NA,NA,NA,NA,NA,0,NA,NA,NA,NA,0,NA,0,0,0,0
303,NA,0,NA,NA,0,NA,0,NA,0,0,NA,NA,NA,0,0,NA,0,0,NA,NA,0,0,0,0,0,NA,NA,NA,NA,NA,NA,0,NA,NA,NA,NA,0,NA,0,0,0,0
304,NA,0,NA,NA,0,NA,0,NA,0,0,NA,NA,NA,0,0,NA,0,0,NA,NA,0,0,0,0,0,NA,NA,NA,NA,NA,NA,0,NA,NA,NA,NA,0,NA,0,0,0,0
305,NA,0,NA,NA,0,NA,0,NA,0,0,NA,NA,NA,0,0,NA,0,0,NA,NA,0,0,0,0,0,NA,NA,NA,NA,NA,NA,0,NA,NA,NA,NA,0,NA,0,0,0,0
306,NA,0,NA,NA,0,NA,0,NA,0,0,NA,NA,NA,0,0,NA,0,0,NA,NA,0,0,0,0,0,NA,NA,NA,NA,4,NA,0,NA,NA,NA,NA,0,NA,0,0,0,0
307,NA,0,NA,NA,0,NA,0,NA,0,0,NA,NA,NA,0,0,NA,0,0,NA,NA,0,0,0,0,0,NA,NA,NA,NA,NA,NA,0,NA,NA,NA,NA,0,NA,0,0,0,0
308,NA,0,NA,NA,0,NA,0,NA,0,0,NA,NA,NA,0,0,NA,0,0,NA,NA,0,0,0,0,0,NA,NA,NA,NA,NA,NA,0,NA,NA,NA,NA,0,NA,0,0,0,0
309,NA,0,NA,NA,0,NA,0,NA,0,0,NA,NA,4,0,0,NA,0,0,NA,NA,0,0,0,0,0,NA,NA,NA,NA,NA,NA,0,NA,NA,NA,NA,0,NA,0,0,0,0
310,NA,0,NA,NA,0,NA,0,NA,0,0,NA,NA,NA,0,0,NA,0,0,NA,NA,0,0,0,0,0,NA,NA,NA,NA,NA,NA,0,NA,NA,NA,NA,0,NA,0,0,0,0
311,NA,0,NA,NA,0,NA,0,NA,0,0,NA,NA,NA,0,0,NA,0,0,NA,NA,0,0,0,0,0,NA,NA,NA,NA,NA,NA,0,NA,NA,NA,NA,0,NA,0,0,0,0
312,NA,0,NA,NA,0,NA,0,NA,0,0,NA,NA,NA,0,0,NA,0,0,NA,NA,0,0,0,0,0,NA,NA,NA,NA,NA,NA,0,NA,NA,NA,NA,0,NA,0,0,0,0
313,NA,0,NA,NA,0,NA,0,NA,0,0,NA,NA,NA,0,0,NA,0,0,NA,NA,0,0,0,0,0,NA,NA,NA,NA,NA,NA,0,NA,NA,NA,NA,0,NA,0,0,0,0
314,NA,0,NA,NA,0,NA,0,NA,0,0,NA,NA,NA,0,0,NA,0,0,NA,NA,0,0,0,0,0,NA,NA,NA,NA,NA,NA,0,NA,NA,NA,NA,0,NA,0,0,0,0
315,NA,0,NA,NA,0,NA,0,NA,0,0,NA,NA,NA,0,0,NA,0,0,NA,NA,0,0,0,0,0,NA,NA,NA,NA,NA,NA,0,NA,NA,NA,NA,0,NA,0,0,0,0
316,NA,0,NA,NA,0,NA,0,NA,0,0,NA,NA,NA,0,0,NA,0,0,NA,NA,0,0,0,0,0,NA,NA,NA,NA,NA,NA,0,NA,NA,NA,NA,0,NA,0,0,0,0
317,NA,0,NA,NA,0,NA,0,NA,0,0,NA,NA,NA,0,0,NA,0,0,NA,NA,0,0,0,0,0,NA,NA,NA,0,NA,NA,0,NA,NA,NA,NA,0,NA,0,0,0,0
318,NA,0,NA,NA,0,NA,0,NA,0,0,NA,NA,NA,0,0,NA,0,0,NA,NA,0,0,0,0,0,NA,NA,NA,NA,NA,NA,0,NA,1.3,NA,1.3,0,NA,0,0,0,0
319,NA,0,NA,NA,0,NA,0,NA,0,0,NA,NA,NA,0,0,NA,0,0,NA,NA,0,0,0,0,0,NA,NA,NA,NA,NA,NA,0,NA,NA,NA,NA,0,NA,0,0,0,0
320,NA,0,NA,NA,0,NA,0,NA,0,0,NA,NA,NA,0,0,NA,0,0,NA,NA,0,0,0,0,0,NA,NA,NA,NA,NA,NA,0,NA,NA,NA,NA,0,NA,0,0,0,0
321,NA,0,NA,NA,0,NA,0,NA,0,0,NA,NA,NA,0,0,NA,0,0,NA,NA,0,0,0,0,0,NA,NA,NA,NA,NA,NA,0,NA,NA,NA,NA,0,NA,0,0,0,0
322,NA,0,NA,NA,0,NA,0,NA,0,0,NA,NA,NA,0,0,NA,0,0,NA,NA,0,0,0,0,0,NA,NA,NA,NA,NA,NA,0,NA,NA,NA,NA,0,NA,0,0,0,0
323,NA,0,NA,NA,0,NA,0,NA,0,0,NA,NA,NA,0,0,NA,0,0,NA,NA,0,0,0,0,0,NA,NA,NA,NA,NA,NA,0,NA,NA,NA,NA,0,NA,0,0,0,0
324,NA,0,NA,NA,0,NA,0,NA,0,0,NA,NA,NA,0,0,NA,0,0,NA,NA,0,0,0,0,0,NA,NA,NA,NA,NA,NA,0,NA,NA,NA,NA,0,NA,0,0,0,0
325,NA,0,NA,NA,0,NA,0,NA,0,0,NA,NA,NA,0,0,NA,0,0,NA,NA,0,0,0,0,0,NA,NA,NA,NA,NA,NA,0,NA,NA,NA,NA,0,NA,0,0,0,0
326,NA,0,NA,NA,0,NA,0,NA,0,0,NA,NA,NA,0,0,NA,0,0,NA,NA,0,0,0,0,0,NA,NA,NA,NA,NA,NA,0,NA,NA,NA,NA,0,NA,0,0,0,0
327,NA,0,NA,NA,0,NA,0,NA,0,0,NA,NA,NA,0,0,NA,0,0,NA,NA,0,0,0,0,0,NA,NA,NA,NA,NA,NA,0,NA,NA,NA,NA,0,NA,0,0,0,0
328,NA,0,NA,NA,0,NA,0,NA,0,0,NA,NA,NA,0,0,NA,0,0,NA,NA,0,0,0,0,0,NA,NA,NA,NA,NA,NA,0,NA,NA,NA,NA,0,NA,0,0,0,0
329,NA,0,NA,NA,0,NA,0,NA,0,0,NA,NA,NA,0,0,NA,0,0,NA,NA,0,0,0,0,0,NA,NA,NA,NA,NA,NA,0,NA,NA,NA,NA,0,NA,0,0,0,0
330,NA,0,NA,NA,0,NA,0,NA,0,0,NA,NA,NA,0,0,NA,0,0,NA,NA,0,0,0,0,0,NA,NA,NA,NA,NA,NA,0,NA,NA,NA,NA,0,NA,0,0,0,0
331,NA,0,NA,NA,0,NA,0,NA,0,0,NA,NA,NA,0,0,NA,0,0,NA,NA,0,0,0,0,0,NA,NA,NA,NA,NA,NA,0,NA,NA,NA,NA,0,NA,0,0,0,0
332,NA,0,NA,NA,0,NA,0,NA,0,0,NA,NA,NA,0,0,NA,0,0,NA,NA,0,0,0,0,0,NA,NA,NA,NA,NA,NA,0,NA,NA,NA,NA,0,NA,0,0,0,0
333,NA,0,NA,NA,0,NA,0,NA,0,0,NA,NA,NA,0,0,NA,0,0,NA,NA,0,0,0,0,0,NA,NA,NA,NA,NA,NA,0,1.3,NA,NA,1.3,0,NA,0,0,0,0
334,NA,0,NA,NA,0,NA,0,NA,0,0,NA,NA,NA,0,0,NA,0,0,NA,NA,0,0,0,0,0,NA,NA,NA,NA,NA,NA,0,NA,NA,NA,NA,0,NA,0,0,0,0
335,NA,0,NA,NA,0,NA,0,NA,0,0,NA,NA,NA,0,0,NA,0,0,NA,NA,0,0,0,0,0,NA,NA,NA,NA,NA,NA,0,NA,NA,NA,NA,0,NA,0,0,0,0
336,NA,0,NA,NA,0,NA,0,NA,0,0,NA,NA,NA,0,0,NA,0,0,NA,NA,0,0,0,0,0,NA,NA,NA,NA,NA,NA,0,NA,NA,NA,NA,0,NA,0,0,0,0
337,NA,0,NA,NA,0,NA,0,NA,0,0,NA,NA,4,0,0,NA,0,0,NA,NA,0,0,0,0,0,NA,NA,NA,NA,NA,NA,0,NA,NA,NA,NA,0,NA,0,0,0,0
338,NA,0,NA,NA,0,NA,0,NA,0,0,NA,NA,NA,0,0,NA,0,0,NA,NA,0,0,0,0,0,NA,NA,NA,NA,NA,NA,0,NA,NA,NA,NA,0,NA,0,0,0,0
339,NA,0,NA,NA,0,NA,0,NA,0,0,NA,NA,NA,0,0,NA,0,0,NA,NA,0,0,0,0,0,NA,NA,NA,NA,NA,NA,0,NA,NA,NA,NA,0,NA,0,0,0,0
340,NA,0,NA,NA,0,NA,0,NA,0,0,NA,NA,NA,0,0,NA,0,0,NA,NA,0,0,0,0,0,NA,NA,NA,NA,NA,NA,0,NA,NA,NA,NA,0,NA,0,0,0,0
341,NA,0,NA,NA,0,NA,0,NA,0,0,NA,NA,NA,0,0,NA,0,0,NA,NA,0,0,0,0,0,NA,NA,NA,NA,NA,NA,0,NA,NA,NA,NA,0,NA,0,0,0,0
342,NA,0,NA,NA,0,NA,0,NA,0,0,NA,NA,NA,0,0,NA,0,0,NA,NA,0,0,0,0,0,NA,NA,NA,NA,NA,NA,0,NA,NA,NA,NA,0,NA,0,0,0,0
343,NA,0,NA,NA,0,NA,0,NA,0,0,NA,NA,NA,0,0,NA,0,0,18,NA,0,0,0,0,0,NA,NA,NA,NA,NA,NA,0,NA,NA,NA,NA,0,NA,0,0,0,0
344,NA,0,NA,NA,0,NA,0,NA,0,0,NA,NA,NA,0,0,NA,0,0,NA,NA,0,0,0,0,0,NA,NA,NA,NA,NA,NA,0,1.3,NA,NA,NA,0,NA,0,0,0,0
345,NA,0,NA,NA,0,NA,0,NA,0,0,NA,NA,NA,0,0,NA,0,0,NA,NA,0,0,0,0,0,NA,NA,NA,NA,NA,NA,0,NA,NA,NA,NA,0,NA,0,0,0,0
346,NA,0,NA,NA,0,NA,0,NA,0,0,NA,NA,NA,0,0,NA,0,0,NA,NA,0,0,0,0,0,NA,NA,NA,0,NA,NA,0,1.3,NA,NA,NA,0,NA,0,0,0,0
347,NA,0,NA,NA,0,NA,0,NA,0,0,NA,NA,NA,0,0,NA,0,0,NA,NA,0,0,0,0,0,NA,NA,NA,NA,NA,NA,0,NA,NA,NA,NA,0,NA,0,0,0,0
348,NA,0,NA,NA,0,NA,0,NA,0,0,NA,NA,NA,0,0,NA,0,0,NA,NA,0,0,0,0,0,NA,NA,NA,NA,NA,NA,0,NA,NA,NA,NA,0,NA,0,0,0,0
349,NA,0,NA,NA,0,NA,0,NA,0,0,NA,NA,NA,0,0,NA,0,0,NA,NA,0,0,0,0,0,NA,NA,NA,0,NA,NA,0,NA,NA,NA,NA,0,NA,0,0,0,0
350,NA,0,NA,NA,0,NA,0,NA,0,0,NA,NA,NA,0,0,NA,0,0,NA,NA,0,0,0,0,0,NA,NA,NA,NA,NA,NA,0,NA,NA,NA,NA,0,NA,0,0,0,0
351,NA,0,NA,NA,0,NA,0,NA,0,0,NA,NA,NA,0,0,NA,0,0,NA,NA,0,0,0,0,0,NA,NA,NA,NA,NA,NA,0,NA,NA,NA,NA,0,NA,0,0,0,0
352,NA,0,NA,NA,0,NA,0,NA,0,0,NA,NA,NA,0,0,NA,0,0,NA,NA,0,0,0,0,0,NA,NA,NA,NA,NA,NA,0,NA,NA,NA,NA,0,NA,0,0,0,0
353,NA,0,NA,NA,0,NA,0,NA,0,0,NA,NA,NA,0,0,NA,0,0,NA,NA,0,0,0,0,0,NA,NA,NA,NA,NA,NA,0,NA,NA,NA,NA,0,NA,0,0,0,0
354,NA,0,NA,NA,0,NA,0,NA,0,0,NA,NA,NA,0,0,NA,0,0,NA,NA,0,0,0,0,0,NA,NA,NA,NA,NA,NA,0,NA,NA,NA,NA,0,NA,0,0,0,0
355,NA,0,NA,NA,0,NA,0,NA,0,0,NA,NA,NA,0,0,1.3,0,0,NA,NA,0,0,0,0,0,NA,NA,NA,NA,NA,NA,0,NA,NA,NA,NA,0,NA,0,0,0,0
356,NA,0,NA,NA,0,NA,0,NA,0,0,NA,NA,NA,0,0,NA,0,0,NA,NA,0,0,0,0,0,NA,NA,NA,NA,NA,NA,0,NA,NA,NA,NA,0,NA,0,0,0,0
357,NA,0,NA,NA,0,NA,0,NA,0,0,NA,NA,NA,0,0,NA,0,0,NA,NA,0,0,0,0,0,NA,NA,NA,NA,NA,NA,0,NA,NA,NA,NA,0,NA,0,0,0,0
360,NA,0,NA,NA,0,NA,0,NA,0,0,NA,NA,NA,0,0,NA,0,0,NA,NA,0,0,0,0,0,NA,NA,NA,NA,NA,NA,0,NA,NA,NA,NA,0,NA,0,0,0,0
361,NA,0,NA,NA,0,NA,0,NA,0,0,NA,NA,NA,0,0,NA,0,0,NA,NA,0,0,0,0,0,NA,NA,NA,NA,NA,NA,0,NA,NA,NA,NA,0,NA,0,0,0,0
362,NA,0,NA,NA,0,NA,0,NA,0,0,NA,NA,NA,0,0,NA,0,0,NA,NA,0,0,0,0,0,NA,NA,NA,NA,4,NA,0,NA,NA,NA,NA,0,NA,0,0,0,0
363,NA,0,NA,NA,0,NA,0,NA,0,0,NA,NA,NA,0,0,NA,0,0,NA,NA,0,0,0,0,0,NA,NA,NA,NA,NA,NA,0,NA,NA,NA,NA,0,NA,0,0,0,0
364,NA,0,NA,NA,0,NA,0,NA,0,0,NA,NA,NA,0,0,NA,0,0,NA,NA,0,0,0,0,0,NA,NA,NA,NA,NA,NA,0,NA,NA,NA,NA,0,NA,0,0,0,0
365,002,0,28.7,15.3,0,1172,0,294.7,0,0,25.7,1116.7,4,0,0,1.3,0,0,18,12.7,0,0,0,0,0,145.7,5.3,380.3,0,4,1.3,0,1.3,1.3,10,1.3,0,7.3,0,0,0,0
